"MMSE","LCN2_smooth","NEFL_smooth","platform"
11.4,0.255150047851202,0.696365122885304,"Soma"
11.5,0.252090996771627,0.69543279947023,"Soma"
11.6,0.249033518323631,0.694465266644842,"Soma"
11.7,0.245978161063643,0.693463040648716,"Soma"
11.8,0.242925473548093,0.692426637721429,"Soma"
11.9,0.23987600433341,0.691356574102558,"Soma"
12,0.236830301976023,0.690253366031679,"Soma"
12.1,0.233788915032361,0.689117529748369,"Soma"
12.2,0.230752392058854,0.687949581492204,"Soma"
12.3,0.227721281611932,0.686750037502761,"Soma"
12.4,0.224696132248022,0.685519414019616,"Soma"
12.5,0.221677492523555,0.684258227282347,"Soma"
12.6,0.21866591099496,0.682966993530529,"Soma"
12.7,0.215661936218667,0.68164622900374,"Soma"
12.8,0.212666116751103,0.680296449941555,"Soma"
12.9,0.209679001148699,0.678918172583552,"Soma"
13,0.206701137967885,0.677511913169306,"Soma"
13.1,0.203733075765088,0.676078187938395,"Soma"
13.2,0.20077536309674,0.674617513130396,"Soma"
13.3,0.197828548519268,0.673130404984884,"Soma"
13.4,0.194893180589102,0.671617379741436,"Soma"
13.5,0.191969807862672,0.670078953639629,"Soma"
13.6,0.189058978896406,0.66851564291904,"Soma"
13.7,0.186161242246735,0.666927963819245,"Soma"
13.8,0.183277146470086,0.66531643257982,"Soma"
13.9,0.180407240122891,0.663681565440342,"Soma"
14,0.177552071761577,0.662023878640388,"Soma"
14.1,0.174712189942574,0.660343888419535,"Soma"
14.2,0.171888143222312,0.658642111017359,"Soma"
14.3,0.16908048015722,0.656919062673436,"Soma"
14.4,0.166289749303726,0.655175259627343,"Soma"
14.5,0.163516499218261,0.653411218118657,"Soma"
14.6,0.160761278457253,0.651627454386953,"Soma"
14.7,0.158024635577132,0.64982448467181,"Soma"
14.8,0.155307119134328,0.648002825212804,"Soma"
14.9,0.152609277685268,0.64616299224951,"Soma"
15,0.149931659786384,0.644305502021506,"Soma"
15.1,0.147274813994103,0.642430870768368,"Soma"
15.2,0.144639288864856,0.640539614729672,"Soma"
15.3,0.142025632955072,0.638632250144996,"Soma"
15.4,0.139434394821179,0.636709293253916,"Soma"
15.5,0.136866123019607,0.634771260296008,"Soma"
15.6,0.134321366106786,0.63281866751085,"Soma"
15.7,0.131800672639144,0.630852031138017,"Soma"
15.8,0.129304591173111,0.628871867417086,"Soma"
15.9,0.126833670265117,0.626878692587634,"Soma"
16,0.12438845847159,0.624873022889237,"Soma"
16.1,0.12196950434896,0.622855374561473,"Soma"
16.2,0.119577356453657,0.620826263843916,"Soma"
16.3,0.117212563342108,0.618786206976146,"Soma"
16.4,0.114875673570745,0.616735720197736,"Soma"
16.5,0.112567235695995,0.614675319748265,"Soma"
16.6,0.110287798274288,0.612605521867309,"Soma"
16.7,0.108037909862055,0.610526842794444,"Soma"
16.8,0.105818119015723,0.608439798769247,"Soma"
16.9,0.103628974291722,0.606344906031295,"Soma"
17,0.101471024246481,0.604242680820164,"Soma"
17.1,0.0993448174364302,0.602133639375431,"Soma"
17.2,0.0972509024179983,0.600018297936671,"Soma"
17.3,0.0951898277476147,0.597897172743463,"Soma"
17.4,0.0931621419817087,0.595770780035383,"Soma"
17.5,0.0911683936767094,0.593639636052006,"Soma"
17.6,0.0892091313890462,0.59150425703291,"Soma"
17.7,0.0872849036751484,0.589365159217672,"Soma"
17.8,0.0853962590914454,0.587222858845867,"Soma"
17.9,0.0835437461943664,0.585077872157072,"Soma"
18,0.0817279135403405,0.582930715390865,"Soma"
18.1,0.0799493096857971,0.580781904786821,"Soma"
18.2,0.0782084831871656,0.578631956584517,"Soma"
18.3,0.0765059826008753,0.57648138702353,"Soma"
18.4,0.0748423564833553,0.574330712343436,"Soma"
18.5,0.0732181533910349,0.572180448783812,"Soma"
18.6,0.0716339218803436,0.570031112584234,"Soma"
18.7,0.0700902105077104,0.567883219984279,"Soma"
18.8,0.0685875678295648,0.565737287223524,"Soma"
18.9,0.0671265424023361,0.563593830541546,"Soma"
19,0.0657076827824533,0.56145336617792,"Soma"
19.1,0.064331537526346,0.559316410372223,"Soma"
19.2,0.0629986551904434,0.557183479364032,"Soma"
19.3,0.0617095843311747,0.555055089392924,"Soma"
19.4,0.0604648735049692,0.552931756698475,"Soma"
19.5,0.0592650712682563,0.550813997520261,"Soma"
19.6,0.0581107261774651,0.54870232809786,"Soma"
19.7,0.0570023867890251,0.546597264670847,"Soma"
19.8,0.0559406016593654,0.5444993234788,"Soma"
19.9,0.0549259193449154,0.542409020761295,"Soma"
20,0.0539588884021043,0.540326872757909,"Soma"
20.1,0.0530400573873615,0.538253395708218,"Soma"
20.2,0.0521699748571162,0.536189105851798,"Soma"
20.3,0.0513491893677976,0.534134519428226,"Soma"
20.4,0.0505782494758352,0.53209015267708,"Soma"
20.5,0.0498577037376581,0.530056521837935,"Soma"
20.6,0.0491881007096957,0.528034143150368,"Soma"
20.7,0.0485699889483772,0.526023532853956,"Soma"
20.8,0.0480039170101319,0.524025207188274,"Soma"
20.9,0.0474904334513891,0.522039682392901,"Soma"
21,0.0470300868285781,0.520067474707412,"Soma"
21.1,0.0466234256981282,0.518109100371384,"Soma"
21.2,0.0462709986164687,0.516165075624393,"Soma"
21.3,0.0459733541400288,0.514235916706017,"Soma"
21.4,0.0457310408252378,0.512322139855831,"Soma"
21.5,0.045544607228525,0.510424261313413,"Soma"
21.6,0.0454146019063198,0.508542797318338,"Soma"
21.7,0.0453415734150513,0.506678264110183,"Soma"
21.8,0.0454017920123226,0.504829502558291,"Soma"
21.9,0.0460287492987567,0.502975823893904,"Soma"
22,0.0472440594491227,0.501087567419781,"Soma"
22.1,0.0489912385855878,0.499135508610365,"Soma"
22.2,0.0512138028303195,0.497090422940105,"Soma"
22.3,0.0538552683054853,0.494923085883444,"Soma"
22.4,0.0568591511332526,0.492604272914829,"Soma"
22.5,0.0601689674357891,0.490104759508706,"Soma"
22.6,0.0637282333352622,0.487395321139519,"Soma"
22.7,0.0674804649538393,0.484446733281716,"Soma"
22.8,0.0713691784136877,0.48122977140974,"Soma"
22.9,0.0753378898369751,0.477715210998039,"Soma"
23,0.0793301153458691,0.473873827521057,"Soma"
23.1,0.0832893710625371,0.46967639645324,"Soma"
23.2,0.0871591731091464,0.465093693269035,"Soma"
23.3,0.0908830376078645,0.460096493442886,"Soma"
23.4,0.094404480680859,0.454655572449239,"Soma"
23.5,0.0976670184502974,0.448741705762541,"Soma"
23.6,0.100614167038347,0.442325668857235,"Soma"
23.7,0.103189442567176,0.435378237207769,"Soma"
23.8,0.10533636115895,0.427870186288588,"Soma"
23.9,0.106998438935839,0.419772291574137,"Soma"
24,0.108119192020008,0.411055328538863,"Soma"
24.1,0.108785499544359,0.402035020611289,"Soma"
24.2,0.109131815558739,0.393020208335884,"Soma"
24.3,0.109173018560737,0.383971342861008,"Soma"
24.4,0.108923987047941,0.374848875335021,"Soma"
24.5,0.108399599517941,0.365613256906283,"Soma"
24.6,0.107614734468324,0.356224938723155,"Soma"
24.7,0.10658427039668,0.346644371933997,"Soma"
24.8,0.105323085800597,0.33683200768717,"Soma"
24.9,0.103846059177664,0.326748297131032,"Soma"
25,0.10216806902547,0.316353691413945,"Soma"
25.1,0.100303993841604,0.305608641684269,"Soma"
25.2,0.0982687121236533,0.294473599090365,"Soma"
25.3,0.0960771023692081,0.282909014780592,"Soma"
25.4,0.0937440430758566,0.27087533990331,"Soma"
25.5,0.0912844127411875,0.25833302560688,"Soma"
25.6,0.0887130898627895,0.245242523039663,"Soma"
25.7,0.0860624266283763,0.231564283350017,"Soma"
25.8,0.0835583815720992,0.217285428783487,"Soma"
25.9,0.0812354844049841,0.202545213741178,"Soma"
26,0.0790543505937927,0.187378745291084,"Soma"
26.1,0.0769755956052867,0.171796545700647,"Soma"
26.2,0.0749598349062278,0.155809137237308,"Soma"
26.3,0.0729676839633778,0.139427042168509,"Soma"
26.4,0.0709597582434982,0.122660782761691,"Soma"
26.5,0.0688966732133509,0.105520881284294,"Soma"
26.6,0.0667390443396974,0.0880178600037606,"Soma"
26.7,0.0644474870892995,0.0701622411875318,"Soma"
26.8,0.0619826169289191,0.0519645471030496,"Soma"
26.9,0.0593050493253176,0.0334353000177545,"Soma"
27,0.0563753997452568,0.0145850221990872,"Soma"
27.1,0.0531542836554983,-0.00457576408551037,"Soma"
27.2,0.0496909404723237,-0.0241565081505343,"Soma"
27.3,0.0462951365248795,-0.0455495279210054,"Soma"
27.4,0.0428473313624398,-0.0687342175424778,"Soma"
27.5,0.0391740280819658,-0.0931708872395765,"Soma"
27.6,0.0351017297804188,-0.118319847236925,"Soma"
27.7,0.0304569395547601,-0.143641407759146,"Soma"
27.8,0.025066160501951,-0.168595879030865,"Soma"
27.9,0.0187558957189532,-0.192643571276704,"Soma"
28,0.011352648302727,-0.21524479472129,"Soma"
28.1,0.00314572448430788,-0.235871034435003,"Soma"
28.2,-0.00549654439902121,-0.255644907758263,"Soma"
28.3,-0.0146291175909273,-0.275520913094595,"Soma"
28.4,-0.0243069543350766,-0.295396240566198,"Soma"
28.5,-0.0345850138751374,-0.315168080295278,"Soma"
28.6,-0.0455182554547761,-0.334733622404035,"Soma"
28.7,-0.0571616383176596,-0.35399005701467,"Soma"
28.8,-0.0695701217074548,-0.372834574249385,"Soma"
28.9,-0.082681894342276,-0.391401662686301,"Soma"
29,-0.0964040101545493,-0.409857975958929,"Soma"
29.1,-0.110744726209404,-0.42814895177255,"Soma"
29.2,-0.125712299571971,-0.446220027832445,"Soma"
29.3,-0.141314987307381,-0.464016641843897,"Soma"
29.4,-0.1575767625134,-0.481434973344194,"Soma"
29.5,-0.174542891608457,-0.498322699963139,"Soma"
29.6,-0.192195737029953,-0.514745082281466,"Soma"
29.7,-0.21051316949702,-0.530782188580725,"Soma"
29.8,-0.22947305972879,-0.546514087142468,"Soma"
29.9,-0.249053278444393,-0.562020846248245,"Soma"
30,-0.269231696362964,-0.57738253417961,"Soma"
12.25,0.117906417906117,0.348161510051128,"TMT"
12.35,0.115365856589984,0.343831226975167,"TMT"
12.45,0.112879420732428,0.339604039756839,"TMT"
12.55,0.110446858338368,0.3354791603284,"TMT"
12.65,0.10806791741272,0.331455800622105,"TMT"
12.75,0.105742345960404,0.327533172570212,"TMT"
12.85,0.103469891986337,0.323710488104976,"TMT"
12.95,0.101250303495439,0.319986959158654,"TMT"
13.05,0.0990833284926259,0.316361797663501,"TMT"
13.15,0.0969687149828172,0.312834215551775,"TMT"
13.25,0.0949062109709309,0.30940342475573,"TMT"
13.35,0.0928955644618852,0.306068637207625,"TMT"
13.45,0.0909365234605982,0.302829064839714,"TMT"
13.55,0.0890288359719881,0.299683919584253,"TMT"
13.65,0.087172250000973,0.2966324133735,"TMT"
13.75,0.0853665135524714,0.293673758139711,"TMT"
13.85,0.0836113746314012,0.290807165815141,"TMT"
13.95,0.0819065812426806,0.288031848332047,"TMT"
14.05,0.0802518813912279,0.285347017622685,"TMT"
14.15,0.0786470230819613,0.282751885619311,"TMT"
14.25,0.0770917543197989,0.280245664254182,"TMT"
14.35,0.075585823109659,0.277827565459554,"TMT"
14.45,0.0741289774564597,0.275496801167682,"TMT"
14.55,0.0727209653651192,0.273252583310824,"TMT"
14.65,0.0713615348405557,0.271094123821236,"TMT"
14.75,0.0700504338876874,0.269020634631173,"TMT"
14.85,0.0687874105114325,0.267031327672892,"TMT"
14.95,0.0675722127167092,0.265125414878649,"TMT"
15.05,0.0664045885084356,0.263302108180701,"TMT"
15.15,0.06528428589153,0.261560619511303,"TMT"
15.25,0.0642110528709105,0.259900160802712,"TMT"
15.35,0.0631846374514954,0.258319943987184,"TMT"
15.45,0.0622047876382028,0.256819180996975,"TMT"
15.55,0.0612712514359509,0.255397083764342,"TMT"
15.65,0.0603837768496579,0.25405286422154,"TMT"
15.75,0.059542111884242,0.252785734300827,"TMT"
15.85,0.0587460045446214,0.251594905934458,"TMT"
15.95,0.0579952028357143,0.250479591054689,"TMT"
16.05,0.0572894547624388,0.249439001593777,"TMT"
16.15,0.0566285083297132,0.248472349483977,"TMT"
16.25,0.0560121115424556,0.247578846657547,"TMT"
16.35,0.0554400124055843,0.246757705046743,"TMT"
16.45,0.0549119589240174,0.246008136583819,"TMT"
16.55,0.0544276991026731,0.245329353201034,"TMT"
16.65,0.0539869809464696,0.244720566830643,"TMT"
16.75,0.0535895524603251,0.244180989404901,"TMT"
16.85,0.0532351616491578,0.243709832856067,"TMT"
16.95,0.0529235565178859,0.243306309116395,"TMT"
17.05,0.0526544850714275,0.242969630118142,"TMT"
17.15,0.0524276953147009,0.242699007793564,"TMT"
17.25,0.0522429352526242,0.242493654074918,"TMT"
17.35,0.0520999528901156,0.242352780894459,"TMT"
17.45,0.0519984962320934,0.242275600184444,"TMT"
17.55,0.0519383132834758,0.242261323877129,"TMT"
17.65,0.0519191520491807,0.242309163904771,"TMT"
17.75,0.0519407605341266,0.242418332199625,"TMT"
17.85,0.0520028867432316,0.242588040693948,"TMT"
17.95,0.0521052786814139,0.242817501319996,"TMT"
18.05,0.0522476843535916,0.243105926010025,"TMT"
18.15,0.0524298517646829,0.243452526696291,"TMT"
18.25,0.0526515289196061,0.243856515311052,"TMT"
18.35,0.0529124638232794,0.244317103786562,"TMT"
18.45,0.0532124044806209,0.244833504055078,"TMT"
18.55,0.0535510988965487,0.245404928048857,"TMT"
18.65,0.0539282950759812,0.246030587700154,"TMT"
18.75,0.0543437410238365,0.246709694941226,"TMT"
18.85,0.0547971847450327,0.247441461704329,"TMT"
18.95,0.0552883742444882,0.24822509992172,"TMT"
19.05,0.055817057527121,0.249059821525654,"TMT"
19.15,0.0563829825978493,0.249944838448387,"TMT"
19.25,0.0569858974615914,0.250879362622177,"TMT"
19.35,0.0576255501232654,0.251862605979279,"TMT"
19.45,0.0583016885877895,0.252893780451949,"TMT"
19.55,0.059014060860082,0.253972097972444,"TMT"
19.65,0.059762414945061,0.25509677047302,"TMT"
19.75,0.0605464988476446,0.256267009885933,"TMT"
19.85,0.0613660605727511,0.25748202814344,"TMT"
19.95,0.0622208481252987,0.258741037177796,"TMT"
20.05,0.0631106095102056,0.260043248921257,"TMT"
20.15,0.0640350927323899,0.261387875306081,"TMT"
20.25,0.0649940457967698,0.262774128264523,"TMT"
20.35,0.0659872167082637,0.26420121972884,"TMT"
20.45,0.0670143534717895,0.265668361631287,"TMT"
20.55,0.0680752040922654,0.267174765904121,"TMT"
20.65,0.0691695165746098,0.268719644479598,"TMT"
20.75,0.0702970389237409,0.270302209289975,"TMT"
20.85,0.0714575191445767,0.271921672267508,"TMT"
20.95,0.0726507052420354,0.273577245344452,"TMT"
21.05,0.0738763452210354,0.275268140453064,"TMT"
21.15,0.0751341870864946,0.276993569525601,"TMT"
21.25,0.0764239788433314,0.278752744494318,"TMT"
21.35,0.077745468496464,0.280544877291472,"TMT"
21.45,0.0790984040508105,0.282369179849319,"TMT"
21.55,0.080482533511289,0.284224864100115,"TMT"
21.65,0.0818976048828179,0.286111141976117,"TMT"
21.75,0.0833433661703152,0.28802722540958,"TMT"
21.85,0.0848195653786993,0.289972326332761,"TMT"
21.95,0.0863259505128882,0.291945656677917,"TMT"
22.05,0.0878622695778002,0.293946428377303,"TMT"
22.15,0.0894282705783534,0.295973853363175,"TMT"
22.25,0.0910237015194661,0.29802714356779,"TMT"
22.35,0.0926483104060564,0.300105510923404,"TMT"
22.45,0.0942545725208038,0.302154967199566,"TMT"
22.55,0.0955638061062558,0.303857951517537,"TMT"
22.65,0.0965417921266925,0.305166680958069,"TMT"
22.75,0.0972021627765286,0.306086842560765,"TMT"
22.85,0.0975585502501786,0.306624123365224,"TMT"
22.95,0.0976245867420571,0.306784210411046,"TMT"
23.05,0.0974139044465787,0.306572790737833,"TMT"
23.15,0.096940135558158,0.305995551385185,"TMT"
23.25,0.0962169122712094,0.305058179392702,"TMT"
23.35,0.0952578667801477,0.303766361799985,"TMT"
23.45,0.0940766312793873,0.302125785646635,"TMT"
23.55,0.0926868379633429,0.300142137972251,"TMT"
23.65,0.0911021190264291,0.297821105816435,"TMT"
23.75,0.0893361066630603,0.295168376218787,"TMT"
23.85,0.0874024330676512,0.292189636218908,"TMT"
23.95,0.0853147304346163,0.288890572856398,"TMT"
24.05,0.0830866309583704,0.285276873170857,"TMT"
24.15,0.0807317668333279,0.281354224201887,"TMT"
24.25,0.0782637702539033,0.277128312989087,"TMT"
24.35,0.0756962734145113,0.272604826572058,"TMT"
24.45,0.0730429085095664,0.267789451990401,"TMT"
24.55,0.0703173077334833,0.262687876283717,"TMT"
24.65,0.0675331032806765,0.257305786491605,"TMT"
24.75,0.0647039273455605,0.251648869653667,"TMT"
24.85,0.06184341212255,0.245722812809502,"TMT"
24.95,0.0589651898060595,0.239533302998712,"TMT"
25.05,0.0560435392834589,0.233143267627297,"TMT"
25.15,0.0528653143144293,0.226883072621486,"TMT"
25.25,0.0494286662722624,0.220767694701639,"TMT"
25.35,0.0457721377714659,0.214752785409297,"TMT"
25.45,0.0419342714265469,0.208793996286,"TMT"
25.55,0.037953609852013,0.202846978873289,"TMT"
25.65,0.0338686956623714,0.196867384712705,"TMT"
25.75,0.0297180714721292,0.190810865345787,"TMT"
25.85,0.0255402798957939,0.184633072314076,"TMT"
25.95,0.0213738635478729,0.178289657159114,"TMT"
26.05,0.0172573650428736,0.17173627142244,"TMT"
26.15,0.0132293269953032,0.164928566645596,"TMT"
26.25,0.00932829201966897,0.157822194370121,"TMT"
26.35,0.00559280273047826,0.150372806137556,"TMT"
26.45,0.00206140174223846,0.142536053489443,"TMT"
26.55,-0.00122736833054299,0.134267587967321,"TMT"
26.65,-0.0042349648733589,0.125523061112731,"TMT"
26.75,-0.00692284527170203,0.116258124467213,"TMT"
26.85,-0.00841806538305876,0.106057834471672,"TMT"
26.95,-0.00810404458411035,0.0946778108796077,"TMT"
27.05,-0.00632678553914161,0.0823295502014514,"TMT"
27.15,-0.00343229091243728,0.0692245489476354,"TMT"
27.25,0.000233436631718059,0.055574303628591,"TMT"
27.35,0.00432439442903958,0.041590310754751,"TMT"
27.45,0.00849457981524254,0.0274840668365473,"TMT"
27.55,0.012397990126042,0.0134670683844126,"TMT"
27.65,0.0156886226971535,-0.00024918809122163,"TMT"
27.75,0.0180204748642923,-0.0134532060799237,"TMT"
27.85,0.0190475439631736,-0.025933489071261,"TMT"
27.95,0.0186264432004987,-0.0374647699513064,"TMT"
28.05,0.0182085256359604,-0.0479161954193622,"TMT"
28.15,0.0178743116069178,-0.0576244449998242,"TMT"
28.25,0.0172818133444278,-0.0669905774954941,"TMT"
28.35,0.0160890430795476,-0.0764156517091728,"TMT"
28.45,0.0139540130433345,-0.0863007264436614,"TMT"
28.55,0.0105347354668454,-0.0970468605017617,"TMT"
28.65,0.0054892225811375,-0.109055112686275,"TMT"
28.75,-0.000572905350664685,-0.121786631710245,"TMT"
28.85,-0.00703324307884394,-0.134565360064275,"TMT"
28.95,-0.0142206008924524,-0.147586547217505,"TMT"
29.05,-0.0224637890805433,-0.161045442639073,"TMT"
29.15,-0.0320780197219262,-0.175130472812238,"TMT"
29.25,-0.0427242783563357,-0.189685200208318,"TMT"
29.35,-0.0542265087529453,-0.20458684122857,"TMT"
29.45,-0.0667270246930417,-0.219863886080886,"TMT"
29.55,-0.0803681399579134,-0.235544824973163,"TMT"
29.65,-0.0954370345888111,-0.251775241943542,"TMT"
29.75,-0.112018306909564,-0.268638944026606,"TMT"
29.85,-0.12987859263425,-0.286022498023497,"TMT"
29.95,-0.148783832602129,-0.303811992314423,"TMT"
