"MMSE","LCN2_smooth","NEFL_smooth","platform"
30,0.0213413322323805,0.0156873391924589,"Soma"
29.95,0.0232433137265145,0.0222843996995753,"Soma"
29.9,0.0251416301482098,0.028866297248007,"Soma"
29.85,0.0270362464344053,0.0354329019594028,"Soma"
29.8,0.0289271275220397,0.041984083955412,"Soma"
29.75,0.0308142383480521,0.0485197133576836,"Soma"
29.7,0.0326975438493812,0.0550396602878665,"Soma"
29.65,0.034577008962966,0.0615437948676107,"Soma"
29.6,0.0364525986257454,0.068031987218565,"Soma"
29.55,0.0383242777746582,0.0745041074623786,"Soma"
29.5,0.0401920113466434,0.0809600257207006,"Soma"
29.45,0.0420557642786396,0.0873996121151797,"Soma"
29.4,0.043915501507586,0.0938227367674662,"Soma"
29.35,0.0457711879704214,0.100229269799209,"Soma"
29.3,0.0476227886040846,0.106619081332056,"Soma"
29.25,0.0494702683455146,0.112992041487659,"Soma"
29.2,0.05131359213165,0.119348020387664,"Soma"
29.15,0.0531527248994301,0.125686888153722,"Soma"
29.1,0.0549876315857936,0.132008514907483,"Soma"
29.05,0.0568182771276793,0.138312770770595,"Soma"
29,0.0586446264620262,0.144599525864707,"Soma"
28.95,0.060466644525773,0.150868650311468,"Soma"
28.9,0.0622842962558588,0.157120014232528,"Soma"
28.85,0.0640975465892225,0.163353487749536,"Soma"
28.8,0.0659063604628028,0.169568940984142,"Soma"
28.75,0.0677107028135387,0.175766244057993,"Soma"
28.7,0.0695105385783689,0.18194526709274,"Soma"
28.65,0.0713058326942325,0.188105880210032,"Soma"
28.6,0.0730965500980684,0.194247953531518,"Soma"
28.55,0.0748826557268154,0.200371357178847,"Soma"
28.5,0.0766641145174123,0.206475961273668,"Soma"
28.45,0.078440891406798,0.21256163593763,"Soma"
28.4,0.0802129513319116,0.218628251292383,"Soma"
28.35,0.0819802592296918,0.224675677459576,"Soma"
28.3,0.0837427800370775,0.230703784560859,"Soma"
28.25,0.0855004786910076,0.236712442717879,"Soma"
28.2,0.0872533201284209,0.242701522052286,"Soma"
28.15,0.0890012692862565,0.248670892685731,"Soma"
28.1,0.0907442911014531,0.254620424739861,"Soma"
28.05,0.0924823505109496,0.260549988336326,"Soma"
28,0.094215412451685,0.266459453596775,"Soma"
27.95,0.0959434418605979,0.272348690642858,"Soma"
27.9,0.0976664036746275,0.278217569596223,"Soma"
27.85,0.0993842628307126,0.28406596057852,"Soma"
27.8,0.101096984265792,0.289893733711398,"Soma"
27.75,0.102804532916805,0.295700759116506,"Soma"
27.7,0.104506873720689,0.301486906915493,"Soma"
27.65,0.106203971614385,0.307252047230009,"Soma"
27.6,0.107895791534831,0.312996050181703,"Soma"
27.55,0.109582298418965,0.318718785892223,"Soma"
27.5,0.111263457203727,0.32442012448322,"Soma"
27.45,0.112939232826056,0.330099936076342,"Soma"
27.4,0.11460959022289,0.335758090793238,"Soma"
27.35,0.116274494331168,0.341394458755558,"Soma"
27.3,0.11793391008783,0.347008910084951,"Soma"
27.25,0.119587802429813,0.352601314903066,"Soma"
27.2,0.121236136294058,0.358171543331552,"Soma"
27.15,0.122878876617502,0.363719465492058,"Soma"
27.1,0.124515988337085,0.369244951506235,"Soma"
27.05,0.126147436389746,0.37474787149573,"Soma"
27,0.127773185712423,0.380228095582193,"Soma"
26.95,0.129393201242055,0.385685493887273,"Soma"
26.9,0.131007447915582,0.391119936532619,"Soma"
26.85,0.132615890669942,0.396531293639881,"Soma"
26.8,0.134218494442074,0.401919435330708,"Soma"
26.75,0.135815224168916,0.407284231726749,"Soma"
26.7,0.137406044787409,0.412625552949653,"Soma"
26.65,0.13899092123449,0.417943269121069,"Soma"
26.6,0.140569818447099,0.423237250362647,"Soma"
26.55,0.142142701362174,0.428507366796036,"Soma"
26.5,0.143709534916655,0.433753488542884,"Soma"
26.45,0.145270284047479,0.438975485724842,"Soma"
26.4,0.146824913691587,0.444173228463558,"Soma"
26.35,0.148373388785917,0.449346586880681,"Soma"
26.3,0.149915674267407,0.454495431097861,"Soma"
26.25,0.151451735072997,0.459619631236747,"Soma"
26.2,0.152981533990014,0.464719087529962,"Soma"
26.15,0.154505092831723,0.469793917515508,"Soma"
26.1,0.156022465073978,0.474844317273105,"Soma"
26.05,0.157533704192629,0.47987048288247,"Soma"
26,0.159038863663528,0.484872610423322,"Soma"
25.95,0.160537996962525,0.489850895975378,"Soma"
25.9,0.162031157565472,0.494805535618358,"Soma"
25.85,0.163518398948221,0.49973672543198,"Soma"
25.8,0.164999774586622,0.504644661495962,"Soma"
25.75,0.166475337956527,0.509529539890022,"Soma"
25.7,0.167945142533787,0.514391556693879,"Soma"
25.65,0.169409241794254,0.519230907987251,"Soma"
25.6,0.170867689213778,0.524047789849856,"Soma"
25.55,0.172320538268212,0.528842398361413,"Soma"
25.5,0.173767842433405,0.533614929601641,"Soma"
25.45,0.175209655185211,0.538365579650256,"Soma"
25.4,0.176646029999479,0.543094544586978,"Soma"
25.35,0.178077020352061,0.547802020491526,"Soma"
25.3,0.179502679718809,0.552488203443617,"Soma"
25.25,0.180923061575573,0.55715328952297,"Soma"
25.2,0.182338219398205,0.561797474809303,"Soma"
25.15,0.183748206662557,0.566420955382334,"Soma"
25.1,0.185153076844479,0.571023927321782,"Soma"
25.05,0.186552883419823,0.575606586707366,"Soma"
25,0.18794767986444,0.580169129618803,"Soma"
24.95,0.189337519654181,0.584711752135811,"Soma"
24.9,0.190722456264898,0.58923465033811,"Soma"
24.85,0.192102543172442,0.593738020305417,"Soma"
24.8,0.193477833852664,0.598222058117451,"Soma"
24.75,0.194848381781416,0.602686959853931,"Soma"
24.7,0.196214240434548,0.607132921594573,"Soma"
24.65,0.197575463287913,0.611560139419098,"Soma"
24.6,0.198932103817361,0.615968809407223,"Soma"
24.55,0.200284215498743,0.620359127638667,"Soma"
24.5,0.201631851807911,0.624731290193147,"Soma"
24.45,0.202975066220717,0.629085493150383,"Soma"
24.4,0.204313912213011,0.633421932590092,"Soma"
24.35,0.205648443260644,0.637740804591993,"Soma"
24.3,0.206978712839469,0.642042305235804,"Soma"
24.25,0.208304774425336,0.646326630601244,"Soma"
24.2,0.209626681494096,0.650593976768031,"Soma"
24.15,0.210944487521602,0.654844539815883,"Soma"
24.1,0.212258245983703,0.659078515824519,"Soma"
24.05,0.213568010356252,0.663296100873657,"Soma"
24,0.2148738341151,0.667497491043015,"Soma"
23.95,0.216175770736097,0.671682882412311,"Soma"
23.9,0.217473873695096,0.675852471061265,"Soma"
23.85,0.218768196467947,0.680006453069594,"Soma"
23.8,0.220058792530502,0.684145024517016,"Soma"
23.75,0.221345715358613,0.688268381483251,"Soma"
23.7,0.222629018428129,0.692376720048015,"Soma"
23.65,0.223908755214903,0.696470236291029,"Soma"
23.6,0.225184979194787,0.700549126292009,"Soma"
23.55,0.22645774384363,0.704613586130675,"Soma"
23.5,0.227727102637285,0.708663811886745,"Soma"
23.45,0.228993109051602,0.712699999639936,"Soma"
23.4,0.230255816562434,0.716722345469968,"Soma"
23.35,0.231515278645631,0.720731045456559,"Soma"
23.3,0.232771548777045,0.724726295679426,"Soma"
23.25,0.234024680432526,0.72870829221829,"Soma"
23.2,0.235274727087927,0.732677231152866,"Soma"
23.15,0.236521742219098,0.736633308562875,"Soma"
23.1,0.237765779301891,0.740576720528034,"Soma"
23.05,0.239006891812157,0.744507663128062,"Soma"
23,0.240245133225747,0.748426332442678,"Soma"
22.95,0.241480557018512,0.752332924551598,"Soma"
22.9,0.242713216666305,0.756227635534542,"Soma"
22.85,0.243943165644976,0.760110661471229,"Soma"
22.8,0.245170457430376,0.763982198441375,"Soma"
22.75,0.246395145498357,0.767842442524701,"Soma"
22.7,0.247617283324769,0.771691589800923,"Soma"
22.65,0.248836924385465,0.775529836349762,"Soma"
22.6,0.250054122156296,0.779357378250934,"Soma"
22.55,0.251268930113112,0.783174411584158,"Soma"
22.5,0.252481401731766,0.786981132429153,"Soma"
22.45,0.253687778082879,0.790762546190596,"Soma"
22.4,0.254884376550426,0.794503982962696,"Soma"
22.35,0.256071365080282,0.798206125859462,"Soma"
22.3,0.257248911618322,0.801869657994904,"Soma"
22.25,0.258417184110423,0.805495262483034,"Soma"
22.2,0.25957635050246,0.809083622437861,"Soma"
22.15,0.260726578740308,0.812635420973396,"Soma"
22.1,0.261868036769843,0.81615134120365,"Soma"
22.05,0.263000892536942,0.819632066242633,"Soma"
22,0.264125313987479,0.823078279204355,"Soma"
21.95,0.265241469067331,0.826490663202827,"Soma"
21.9,0.266349525722373,0.829869901352059,"Soma"
21.85,0.267449651898481,0.833216676766062,"Soma"
21.8,0.26854201554153,0.836531672558846,"Soma"
21.75,0.269626784597396,0.839815571844422,"Soma"
21.7,0.270704127011956,0.8430690577368,"Soma"
21.65,0.271774210731084,0.846292813349991,"Soma"
21.6,0.272837203700656,0.849487521798004,"Soma"
21.55,0.273893273866549,0.852653866194851,"Soma"
21.5,0.274942589174637,0.855792529654542,"Soma"
21.45,0.275985317570796,0.858904195291087,"Soma"
21.4,0.277021627000903,0.861989546218497,"Soma"
21.35,0.278051685410833,0.865049265550782,"Soma"
21.3,0.279075660746461,0.868084036401953,"Soma"
21.25,0.280093720953663,0.871094541886019,"Soma"
21.2,0.281106033978315,0.874081465116993,"Soma"
21.15,0.282112767766293,0.877045489208883,"Soma"
21.1,0.283114090263472,0.879987297275701,"Soma"
21.05,0.284110169415729,0.882907572431457,"Soma"
21,0.285101173168938,0.885806997790161,"Soma"
20.95,0.286087269468975,0.888686256465824,"Soma"
20.9,0.287068626261716,0.891546031572456,"Soma"
20.85,0.288045411493037,0.894387006224068,"Soma"
20.8,0.289017793108814,0.89720986353467,"Soma"
20.75,0.289985939054922,0.900015286618273,"Soma"
20.7,0.290950017277237,0.902803958588887,"Soma"
20.65,0.291910195721634,0.905576562560522,"Soma"
20.6,0.29286664233399,0.908333781647189,"Soma"
20.55,0.29381952506018,0.911076298962899,"Soma"
20.5,0.294769011846079,0.913804797621661,"Soma"
20.45,0.295715270637564,0.916519960737487,"Soma"
20.4,0.29665846938051,0.919222471424386,"Soma"
20.35,0.297598776020793,0.92191301279637,"Soma"
20.3,0.298536358504288,0.924592267967448,"Soma"
20.25,0.299471384776872,0.927260920051632,"Soma"
20.2,0.300404022784419,0.929919652162931,"Soma"
20.15,0.301334440472806,0.932569147415356,"Soma"
20.1,0.302262805787908,0.935210088922917,"Soma"
20.05,0.303189286675601,0.937843159799625,"Soma"
20,0.304114051081761,0.940469043159491,"Soma"
19.95,0.305037266952263,0.943088422116524,"Soma"
19.9,0.305959102232983,0.945701979784736,"Soma"
19.85,0.306879724869798,0.948310399278136,"Soma"
19.8,0.307799302808581,0.950914363710735,"Soma"
19.75,0.30871800399521,0.953514556196545,"Soma"
19.7,0.309635996375559,0.956111659849573,"Soma"
19.65,0.310553447895506,0.958706357783833,"Soma"
19.6,0.311470526500924,0.961299333113333,"Soma"
19.55,0.31238740013769,0.963891268952085,"Soma"
19.5,0.313304236751681,0.966482848414098,"Soma"
19.45,0.31422120428877,0.969074754613384,"Soma"
19.4,0.315138470694835,0.971667670663953,"Soma"
19.35,0.31605620391575,0.974262279679814,"Soma"
19.3,0.316974571897392,0.97685926477498,"Soma"
19.25,0.317893742585636,0.979459309063459,"Soma"
19.2,0.318813883926357,0.982063095659262,"Soma"
19.15,0.319735163865433,0.984671307676401,"Soma"
19.1,0.320657750348737,0.987284628228885,"Soma"
19.05,0.321581811322147,0.989903740430725,"Soma"
19,0.322507514731537,0.992529327395932,"Soma"
18.95,0.323435028522783,0.995162072238515,"Soma"
18.9,0.324364520641762,0.997802658072485,"Soma"
18.85,0.325296159034348,1.00045176801185,"Soma"
18.8,0.326230111646418,1.00311008517063,"Soma"
18.75,0.327166546423847,1.00577829266282,"Soma"
18.7,0.328089987081527,1.0083962575239,"Soma"
18.65,0.328985357510193,1.01090537523739,"Soma"
18.6,0.329853425919486,1.01330862158944,"Soma"
18.55,0.330694960519047,1.01560897236616,"Soma"
18.5,0.331510729518518,1.01780940335369,"Soma"
18.45,0.332301501127539,1.01991289033817,"Soma"
18.4,0.333068043555752,1.02192240910571,"Soma"
18.35,0.333811125012798,1.02384093544246,"Soma"
18.3,0.334531513708317,1.02567144513453,"Soma"
18.25,0.335229977851952,1.02741691396806,"Soma"
18.2,0.335907285653342,1.02908031772919,"Soma"
18.15,0.336564205322129,1.03066463220403,"Soma"
18.1,0.337201505067954,1.03217283317872,"Soma"
18.05,0.337819953100458,1.03360789643939,"Soma"
18,0.338420317629283,1.03497279777217,"Soma"
17.95,0.339003366864068,1.03627051296319,"Soma"
17.9,0.339569869014457,1.03750401779858,"Soma"
17.85,0.340120592290089,1.03867628806447,"Soma"
17.8,0.340656304900605,1.03979029954698,"Soma"
17.75,0.341177775055647,1.04084902803226,"Soma"
17.7,0.341685770964856,1.04185544930642,"Soma"
17.65,0.342181060837872,1.04281253915561,"Soma"
17.6,0.342664412884338,1.04372327336594,"Soma"
17.55,0.343136595313894,1.04459062772355,"Soma"
17.5,0.34359837633618,1.04541757801457,"Soma"
17.45,0.344050524160839,1.04620710002512,"Soma"
17.4,0.344493806997511,1.04696216954135,"Soma"
17.35,0.344928993055837,1.04768576234937,"Soma"
17.3,0.345356850545459,1.04838085423532,"Soma"
17.25,0.345778147676018,1.04905042098533,"Soma"
17.2,0.346193652657154,1.04969743838553,"Soma"
17.15,0.346604133698508,1.05032488222205,"Soma"
17.1,0.347010359009723,1.05093572828101,"Soma"
17.05,0.347413096800438,1.05153295234855,"Soma"
17,0.347813115280295,1.0521195302108,"Soma"
16.95,0.348211182658936,1.05269843765389,"Soma"
16.9,0.348608067146,1.05327265046395,"Soma"
16.85,0.349004536951129,1.0538451444271,"Soma"
16.8,0.349401360283965,1.05441889532948,"Soma"
16.75,0.349799305354148,1.05499687895721,"Soma"
16.7,0.35019914037132,1.05558207109644,"Soma"
16.65,0.350601633545121,1.05617744753328,"Soma"
16.6,0.351007553085193,1.05678598405387,"Soma"
16.55,0.351417667201176,1.05741065644434,"Soma"
16.5,0.351832744102712,1.05805444049081,"Soma"
16.45,0.352253551999442,1.05872031197942,"Soma"
16.4,0.352680859101007,1.0594112466963,"Soma"
16.35,0.353115433617049,1.06013022042757,"Soma"
16.3,0.353558043757207,1.06088020895937,"Soma"
16.25,0.354009457731123,1.06166418807783,"Soma"
16.2,0.354470443748439,1.06248513356907,"Soma"
16.15,0.354941770018795,1.06334602121923,"Soma"
16.1,0.355424204751832,1.06424982681444,"Soma"
16.05,0.355918516157192,1.06519952614082,"Soma"
16,0.356425472444516,1.06619809498451,"Soma"
15.95,0.356945841823444,1.06724850913163,"Soma"
15.9,0.357480392503618,1.06835374436833,"Soma"
15.85,0.358029892694679,1.06951677648071,"Soma"
15.8,0.358595110606268,1.07074058125493,"Soma"
15.75,0.359176814448026,1.0720281344771,"Soma"
15.7,0.359775772429594,1.07338241193335,"Soma"
15.65,0.360392752760614,1.07480638940982,"Soma"
15.6,0.361028523650725,1.07630304269264,"Soma"
15.55,0.36168385330957,1.07787534756793,"Soma"
15.5,0.36235950994679,1.07952627982183,"Soma"
15.45,0.363056261772025,1.08125881524046,"Soma"
15.4,0.363774876994917,1.08307592960996,"Soma"
15.35,0.364516123825106,1.08498059871645,"Soma"
15.3,0.365280770472234,1.08697579834607,"Soma"
15.25,0.366069585145942,1.08906450428495,"Soma"
15.2,0.366883336055871,1.09124969231921,"Soma"
15.15,0.367722791411662,1.09353433823498,"Soma"
15.1,0.368588719422957,1.0959214178184,"Soma"
15.05,0.369481888299395,1.0984139068556,"Soma"
15,0.370403066250619,1.10101478113269,"Soma"
14.95,0.371333909263168,1.10364725327922,"Soma"
14.9,0.372255846879493,1.10623388841103,"Soma"
14.85,0.3731693076431,1.10877669104377,"Soma"
14.8,0.374074720097497,1.11127766569309,"Soma"
14.75,0.37497251278619,1.11373881687461,"Soma"
14.7,0.375863114252686,1.11616214910398,"Soma"
14.65,0.376746953040493,1.11854966689684,"Soma"
14.6,0.377624457693117,1.12090337476883,"Soma"
14.55,0.378496056754065,1.12322527723559,"Soma"
14.5,0.379362178766844,1.12551737881277,"Soma"
14.45,0.380223252274961,1.12778168401599,"Soma"
14.4,0.381079705821923,1.13002019736091,"Soma"
14.35,0.381931967951237,1.13223492336317,"Soma"
14.3,0.382780467206409,1.1344278665384,"Soma"
14.25,0.383625632130947,1.13660103140224,"Soma"
14.2,0.384467891268357,1.13875642247033,"Soma"
14.15,0.385307673162147,1.14089604425833,"Soma"
14.1,0.386145406355824,1.14302190128185,"Soma"
14.05,0.386981519392893,1.14513599805656,"Soma"
14,0.387816440816863,1.14724033909808,"Soma"
13.95,0.38865059917124,1.14933692892205,"Soma"
13.9,0.389484422999531,1.15142777204413,"Soma"
13.85,0.390318340845243,1.15351487297994,"Soma"
13.8,0.391152781251883,1.15560023624513,"Soma"
13.75,0.391988172762957,1.15768586635534,"Soma"
13.7,0.392824943921973,1.15977376782621,"Soma"
13.65,0.393663523272438,1.16186594517338,"Soma"
13.6,0.394504339357859,1.16396440291249,"Soma"
13.55,0.395347820721742,1.16607114555918,"Soma"
13.5,0.396194395907594,1.1681881776291,"Soma"
13.45,0.397044493458923,1.17031750363787,"Soma"
13.4,0.397898541919235,1.17246112810115,"Soma"
13.35,0.398756969832037,1.17462105553457,"Soma"
13.3,0.399620205740836,1.17679929045377,"Soma"
13.25,0.400488678189139,1.1789978373744,"Soma"
13.2,0.401362815720453,1.18121870081209,"Soma"
13.15,0.402243046878285,1.18346388528249,"Soma"
13.1,0.403129800206141,1.18573539530123,"Soma"
13.05,0.40402350424753,1.18803523538395,"Soma"
13,0.404924587545957,1.19036541004631,"Soma"
12.95,0.405833478644929,1.19272792380393,"Soma"
12.9,0.406750606087954,1.19512478117245,"Soma"
12.85,0.407676398418538,1.19755798666753,"Soma"
12.8,0.408611284180188,1.20002954480479,"Soma"
12.75,0.409555691916412,1.20254146009988,"Soma"
12.7,0.410510050170716,1.20509573706844,"Soma"
12.65,0.411474787486606,1.20769438022611,"Soma"
12.6,0.412450332407591,1.21033939408853,"Soma"
12.55,0.413437113477176,1.21303278317134,"Soma"
12.5,0.41443555923887,1.21577655199018,"Soma"
12.45,0.415446098236178,1.2185727050607,"Soma"
12.4,0.416469159012607,1.22142324689852,"Soma"
12.35,0.417505170111665,1.2243301820193,"Soma"
12.3,0.418554560076859,1.22729551493867,"Soma"
12.25,0.419617757451695,1.23032125017227,"Soma"
12.2,0.42069519077968,1.23340939223575,"Soma"
12.15,0.421787288604321,1.23656194564474,"Soma"
12.1,0.422894479469126,1.23978091491489,"Soma"
12.05,0.4240171919176,1.24306830456183,"Soma"
12,0.425155854493252,1.24642611910121,"Soma"
11.95,0.426310895739587,1.24985636304866,"Soma"
11.9,0.427482744200114,1.25336104091983,"Soma"
11.85,0.428671828418338,1.25694215723036,"Soma"
11.8,0.429878576937766,1.26060171649588,"Soma"
11.75,0.431103418301907,1.26434172323204,"Soma"
11.7,0.432346781054265,1.26816418195448,"Soma"
11.65,0.433609093738349,1.27207109717884,"Soma"
11.6,0.434890784897666,1.27606447342076,"Soma"
11.55,0.436192283075721,1.28014631519588,"Soma"
11.5,0.437514016816023,1.28431862701985,"Soma"
11.45,0.438856414662078,1.28858341340829,"Soma"
11.4,0.440219905157393,1.29294267887685,"Soma"
11.35,0.441604916845474,1.29739842794117,"Soma"
11.3,0.44301187826983,1.3019526651169,"Soma"
11.25,0.444441217973966,1.30660739491967,"Soma"
11.2,0.445884884355321,1.31132423751689,"Soma"
11.15,0.44733458937899,1.31606373762529,"Soma"
11.1,0.448790406939968,1.32082628658453,"Soma"
11.05,0.45025241093325,1.32561227573427,"Soma"
11,0.45172067525383,1.33042209641416,"Soma"
10.95,0.453195273796702,1.33525613996385,"Soma"
10.9,0.454676280456861,1.34011479772299,"Soma"
10.85,0.456163769129303,1.34499846103124,"Soma"
10.8,0.457657813709021,1.34990752122826,"Soma"
10.75,0.459158488091009,1.35484236965368,"Soma"
10.7,0.460665866170263,1.35980339764718,"Soma"
10.65,0.462180021841777,1.3647909965484,"Soma"
10.6,0.463701029000546,1.369805557697,"Soma"
10.55,0.465228961541564,1.37484747243262,"Soma"
10.5,0.466763893359825,1.37991713209493,"Soma"
10.45,0.468305898350325,1.38501492802357,"Soma"
10.4,0.469855050408058,1.3901412515582,"Soma"
10.35,0.471411423428018,1.39529649403847,"Soma"
10.3,0.4729750913052,1.40048104680404,"Soma"
10.25,0.474546127934598,1.40569530119456,"Soma"
10.2,0.476124607211208,1.41093964854968,"Soma"
10.15,0.477710603030023,1.41621448020905,"Soma"
10.1,0.479304189286038,1.42152018751234,"Soma"
10.05,0.480905439874248,1.42685716179919,"Soma"
10,0.482514428689648,1.43222579440925,"Soma"
9.95,0.484131229627231,1.43762647668218,"Soma"
9.9,0.485755916581992,1.44305959995764,"Soma"
9.85,0.487388563448927,1.44852555557527,"Soma"
9.8,0.489029244123029,1.45402473487474,"Soma"
9.75,0.490678032499294,1.45955752919568,"Soma"
9.7,0.492335002472714,1.46512432987777,"Soma"
9.65,0.494000227938287,1.47072552826064,"Soma"
9.6,0.495673782791005,1.47636151568396,"Soma"
9.55,0.497355740925863,1.48203268348737,"Soma"
9.5,0.499046176237856,1.48773942301053,"Soma"
9.45,0.500745162621979,1.4934821255931,"Soma"
9.4,0.502452773973226,1.49926118257472,"Soma"
9.35,0.504169084186591,1.50507698529506,"Soma"
9.3,0.505894167157069,1.51092992509375,"Soma"
9.25,0.507628096779656,1.51682039331047,"Soma"
9.2,0.509370946949344,1.52274878128485,"Soma"
9.15,0.511122791561129,1.52871548035656,"Soma"
9.1,0.512883704510006,1.53472088186525,"Soma"
9.05,0.514653759690969,1.54076537715057,"Soma"
9,0.516433030999012,1.54684935755217,"Soma"
8.95,0.51822159232913,1.55297321440971,"Soma"
8.9,0.520019517576318,1.55913733906284,"Soma"
8.85,0.52182688063557,1.56534212285121,"Soma"
8.8,0.523643755401881,1.57158795711449,"Soma"
8.75,0.525470215770246,1.57787523319231,"Soma"
8.7,0.527306335635657,1.58420434242434,"Soma"
8.65,0.529152188893112,1.59057567615022,"Soma"
8.6,0.531007849437603,1.59698962570962,"Soma"
8.55,0.532873391164126,1.60344658244218,"Soma"
8.5,0.534748887967676,1.60994693768756,"Soma"
8.45,0.536634413743245,1.61649108278541,"Soma"
8.4,0.538530042385831,1.62307940907539,"Soma"
8.35,0.540435847790425,1.62971230789715,"Soma"
8.3,0.542351903852025,1.63639017059033,"Soma"
8.25,0.544278284465623,1.6431133884946,"Soma"
8.2,0.546215063526215,1.64988235294961,"Soma"
8.15,0.548162314928794,1.65669745529502,"Soma"
8.1,0.550120112568357,1.66355908687047,"Soma"
8.05,0.552088530339896,1.67046763901561,"Soma"
8,0.554067642138407,1.67742350307011,"Soma"
7.95,0.556057521858885,1.68442707037361,"Soma"
7.9,0.558058243396323,1.69147873226578,"Soma"
7.85,0.560069880645717,1.69857888008625,"Soma"
7.8,0.56209250750206,1.70572790517469,"Soma"
7.75,0.564126197860349,1.71292619887075,"Soma"
7.7,0.566171025615576,1.72017415251409,"Soma"
7.65,0.568227064662737,1.72747215744435,"Soma"
7.6,0.570294388896826,1.73482060500118,"Soma"
7.55,0.572373072212838,1.74221988652426,"Soma"
7.5,0.574463188505767,1.74967039335321,"Soma"
7.45,0.57656318518746,1.75716388410889,"Soma"
7.4,0.578671473685493,1.76469192745353,"Soma"
7.35,0.580788073918456,1.77225462978885,"Soma"
7.3,0.582913005804939,1.77985209751659,"Soma"
7.25,0.585046289263532,1.78748443703849,"Soma"
7.2,0.587187944212823,1.79515175475628,"Soma"
7.15,0.589337990571405,1.8028541570717,"Soma"
7.1,0.591496448257865,1.81059175038649,"Soma"
7.05,0.593663337190795,1.81836464110238,"Soma"
7,0.595838677288784,1.82617293562111,"Soma"
6.95,0.598022488470421,1.83401674034441,"Soma"
6.9,0.600214790654297,1.84189616167402,"Soma"
6.85,0.602415603759001,1.84981130601167,"Soma"
6.8,0.604624947703123,1.8577622797591,"Soma"
6.75,0.606842842405254,1.86574918931805,"Soma"
6.7,0.609069307783982,1.87377214109024,"Soma"
6.65,0.611304363757898,1.88183124147743,"Soma"
6.6,0.613548030245592,1.88992659688134,"Soma"
6.55,0.615800327165654,1.8980583137037,"Soma"
6.5,0.618061274436672,1.90622649834626,"Soma"
6.45,0.620330891977238,1.91443125721075,"Soma"
6.4,0.622609199705941,1.92267269669891,"Soma"
6.35,0.624896217541371,1.93095092321247,"Soma"
6.3,0.627191965402117,1.93926604315316,"Soma"
6.25,0.62949646320677,1.94761816292273,"Soma"
6.2,0.63180973087392,1.9560073889229,"Soma"
6.15,0.634131788322155,1.96443382755542,"Soma"
6.1,0.636462655470067,1.97289758522202,"Soma"
6.05,0.638802352236244,1.98139876832444,"Soma"
6,0.641150898539278,1.98993748326441,"Soma"
5.95,0.643508314297756,1.99851383644366,"Soma"
5.9,0.645874619430271,2.00712793426394,"Soma"
5.85,0.64824983385541,2.01577988312697,"Soma"
5.8,0.650633977491765,2.0244697894345,"Soma"
5.75,0.653027070257925,2.03319775958827,"Soma"
5.7,0.65542913207248,2.04196389998999,"Soma"
5.65,0.657840182854019,2.05076831704142,"Soma"
5.6,0.660260242521133,2.05961111714428,"Soma"
5.55,0.66268933099241,2.06849240670032,"Soma"
5.5,0.665127468186443,2.07741229211127,"Soma"
5.45,0.667574674021819,2.08637087977886,"Soma"
5.4,0.670030968417129,2.09536827610483,"Soma"
5.35,0.672496371290963,2.10440458749092,"Soma"
5.3,0.674970902561911,2.11347992033886,"Soma"
5.25,0.677454582148562,2.12259438105039,"Soma"
5.2,0.679947429969506,2.13174807602724,"Soma"
5.15,0.682449465943333,2.14094111167115,"Soma"
5.1,0.684960709988633,2.15017359438385,"Soma"
5.05,0.687481182023996,2.15944563056708,"Soma"
5,0.690010901968012,2.16875732662258,"Soma"
4.95,0.69254988973927,2.17810878895208,"Soma"
4.9,0.695098165256361,2.18750012395732,"Soma"
4.85,0.697655748437873,2.19693143804004,"Soma"
4.8,0.700222659202398,2.20640283760196,"Soma"
4.75,0.702798917468524,2.21591442904483,"Soma"
4.7,0.705384543154842,2.22546631877037,"Soma"
4.65,0.707979556179942,2.23505861318033,"Soma"
4.6,0.710583976462413,2.24469141867645,"Soma"
4.55,0.713197823920845,2.25436484166045,"Soma"
4.5,0.715821118473829,2.26407898853408,"Soma"
4.45,0.718453880039953,2.27383396569906,"Soma"
4.4,0.721096128537808,2.28362987955714,"Soma"
4.35,0.723747883885984,2.29346683651006,"Soma"
4.3,0.72640916600307,2.30334494295953,"Soma"
4.25,0.729079994807656,2.31326430530731,"Soma"
4.2,0.731760390218333,2.32322502995513,"Soma"
4.15,0.734450372153689,2.33322722330472,"Soma"
4.1,0.737149960532315,2.34327099175782,"Soma"
4.05,0.739859175272801,2.35335644171616,"Soma"
4,0.742578036293737,2.36348367958149,"Soma"
3.95,0.745306563513712,2.37365281175553,"Soma"
3.9,0.748044776851316,2.38386394464003,"Soma"
3.85,0.750792696225139,2.39411718463671,"Soma"
3.8,0.753550341553771,2.40441263814731,"Soma"
3.75,0.756317732755801,2.41475041157358,"Soma"
3.7,0.759094845830463,2.4251303989415,"Soma"
3.65,0.761881635188909,2.43555237862665,"Soma"
3.6,0.764678088367605,2.44601628355514,"Soma"
3.55,0.76748419290302,2.45652204665305,"Soma"
3.5,0.770299936331622,2.46706960084649,"Soma"
3.45,0.773125306189878,2.47765887906155,"Soma"
3.4,0.775960290014256,2.48828981422434,"Soma"
3.35,0.778804875341224,2.49896233926095,"Soma"
3.3,0.781659049707249,2.50967638709748,"Soma"
3.25,0.7845228006488,2.52043189066003,"Soma"
3.2,0.787396115702343,2.53122878287469,"Soma"
3.15,0.790278982404348,2.54206699666758,"Soma"
3.1,0.793171388291281,2.55294646496478,"Soma"
3.05,0.796073320899611,2.56386712069239,"Soma"
3,0.798984767765805,2.57482889677651,"Soma"
2.95,0.80190571642633,2.58583172614325,"Soma"
2.9,0.804836154417656,2.59687554171869,"Soma"
2.85,0.807776069276249,2.60796027642894,"Soma"
2.8,0.810725448538578,2.6190858632001,"Soma"
2.75,0.813684279741109,2.63025223495826,"Soma"
2.7,0.816652550420311,2.64145932462953,"Soma"
2.65,0.819630248112652,2.65270706514,"Soma"
2.6,0.8226173603546,2.66399538941576,"Soma"
2.55,0.825613874682621,2.67532423038293,"Soma"
2.5,0.828619778633184,2.68669352096759,"Soma"
2.45,0.831635059742757,2.69810319409585,"Soma"
2.4,0.834659705547808,2.70955318269381,"Soma"
2.35,0.837693703584803,2.72104341968755,"Soma"
2.3,0.840737041390212,2.73257383800319,"Soma"
2.25,0.843789706500502,2.74414437056682,"Soma"
2.2,0.84685168645214,2.75575495030454,"Soma"
2.15,0.849922968781594,2.76740551014244,"Soma"
2.1,0.853003541025332,2.77909598300663,"Soma"
2.05,0.856093390719823,2.79082630182321,"Soma"
2,0.859192505401533,2.80259639951826,"Soma"
1.95,0.86230087260693,2.8144062090179,"Soma"
1.9,0.865418479872482,2.82625566324822,"Soma"
1.85,0.868545314734658,2.83814469513531,"Soma"
1.8,0.871681364729924,2.85007323760528,"Soma"
1.75,0.874826617394748,2.86204122358423,"Soma"
1.7,0.877981060265599,2.87404858599825,"Soma"
1.65,0.881144680878944,2.88609525777345,"Soma"
1.6,0.884317466771251,2.89818117183591,"Soma"
1.55,0.887499405478987,2.91030626111174,"Soma"
1.5,0.890690484538621,2.92247045852705,"Soma"
1.45,0.893890691486619,2.93467369700792,"Soma"
1.4,0.897100013859451,2.94691590948045,"Soma"
1.35,0.900318439193583,2.95919702887075,"Soma"
1.3,0.903545955025484,2.97151698810491,"Soma"
1.25,0.906782548891621,2.98387572010903,"Soma"
1.2,0.910028208328462,2.9962731578092,"Soma"
1.15,0.913282920872474,3.00870923413154,"Soma"
1.1,0.916546674060126,3.02118388200213,"Soma"
1.05,0.919819455427886,3.03369703434708,"Soma"
1,0.92310125251222,3.04624862409248,"Soma"
0.95,0.926392052849597,3.05883858416444,"Soma"
0.9,0.929691843976485,3.07146684748904,"Soma"
0.85,0.933000613429352,3.08413334699239,"Soma"
0.8,0.936318348744664,3.09683801560059,"Soma"
0.75,0.93964503745889,3.10958078623974,"Soma"
0.7,0.942980667108498,3.12236159183593,"Soma"
0.65,0.946325225229956,3.13518036531526,"Soma"
0.6,0.94967869935973,3.14803703960383,"Soma"
0.55,0.95304107703429,3.16093154762775,"Soma"
0.5,0.956412345790102,3.1738638223131,"Soma"
0.45,0.959792493163635,3.18683379658599,"Soma"
0.4,0.963181506691357,3.19984140337252,"Soma"
0.35,0.966579373909734,3.21288657559878,"Soma"
0.3,0.969986082355235,3.22596924619087,"Soma"
0.25,0.973401619564328,3.2390893480749,"Soma"
0.2,0.97682597307348,3.25224681417695,"Soma"
0.15,0.98025913041916,3.26544157742313,"Soma"
0.1,0.983701079137834,3.27867357073954,"Soma"
0.05,0.987151806765971,3.29194272705228,"Soma"
0,0.990611300840039,3.30524897928743,"Soma"
30,-0.000264605373398397,0.0393271334290588,"TMT"
29.95,0.0010496297403946,0.0428708897407155,"TMT"
29.9,0.00236184440785896,0.0464083802102361,"TMT"
29.85,0.0036720221645355,0.0499395002727897,"TMT"
29.8,0.0049801465459651,0.0534641453635456,"TMT"
29.75,0.00628620108768863,0.0569822109176732,"TMT"
29.7,0.00759016932524692,0.0604935923703414,"TMT"
29.65,0.00889203479418101,0.0639981851567202,"TMT"
29.6,0.0101917810300317,0.0674958847119785,"TMT"
29.55,0.0114893915683399,0.0709865864712858,"TMT"
29.5,0.0127848499446465,0.0744701858698112,"TMT"
29.45,0.0140781396944922,0.0779465783427239,"TMT"
29.4,0.0153692443534183,0.0814156593251937,"TMT"
29.35,0.0166581474569653,0.0848773242523897,"TMT"
29.3,0.0179448325406743,0.0883314685594811,"TMT"
29.25,0.0192292831400861,0.0917779876816373,"TMT"
29.2,0.0205114827907415,0.0952167770540273,"TMT"
29.15,0.0217914150281816,0.098647732111821,"TMT"
29.1,0.0230690633879472,0.102070748290187,"TMT"
29.05,0.0243444114055791,0.105485721024296,"TMT"
29,0.0256174426166184,0.108892545749316,"TMT"
28.95,0.0268881405566056,0.112291117900416,"TMT"
28.9,0.028156488761082,0.115681332912766,"TMT"
28.85,0.0294224707655883,0.119063086221536,"TMT"
28.8,0.0306860701056654,0.122436273261895,"TMT"
28.75,0.0319472703168542,0.125800789469011,"TMT"
28.7,0.0332060549346955,0.129156530278054,"TMT"
28.65,0.0344624074947304,0.132503391124194,"TMT"
28.6,0.0357163115324996,0.1358412674426,"TMT"
28.55,0.0369677505835441,0.139170054668442,"TMT"
28.5,0.0382167081834047,0.142489648236887,"TMT"
28.45,0.0394631678676222,0.145799943583106,"TMT"
28.4,0.0407071131717377,0.149100836142269,"TMT"
28.35,0.0419485276312921,0.152392221349544,"TMT"
28.3,0.043187394781826,0.155673994640101,"TMT"
28.25,0.0444236981588806,0.158946051449109,"TMT"
28.2,0.0456574212979965,0.162208287211737,"TMT"
28.15,0.0468885477347149,0.165460597363155,"TMT"
28.1,0.0481170610045765,0.168702877338532,"TMT"
28.05,0.0493429446431222,0.171935022573037,"TMT"
28,0.050566182185893,0.17515692850184,"TMT"
27.95,0.0517867571684295,0.17836849056011,"TMT"
27.9,0.0530046531262729,0.181569604183016,"TMT"
27.85,0.054219853594964,0.184760164805728,"TMT"
27.8,0.0554323421100436,0.187940067863415,"TMT"
27.75,0.0566421022070527,0.191109208791246,"TMT"
27.7,0.057849117421532,0.19426748302439,"TMT"
27.65,0.0590533712890226,0.197414785998018,"TMT"
27.6,0.0602548473450654,0.200551013147297,"TMT"
27.55,0.0614535291252011,0.203676059907398,"TMT"
27.5,0.0626494001649707,0.20678982171349,"TMT"
27.45,0.063842443999915,0.209892194000742,"TMT"
27.4,0.065032644165575,0.212983072204323,"TMT"
27.35,0.0662199841974916,0.216062351759403,"TMT"
27.3,0.0674044476312056,0.219129928101152,"TMT"
27.25,0.0685860180022579,0.222185696664737,"TMT"
27.2,0.0697646788461894,0.225229552885329,"TMT"
27.15,0.070940413698541,0.228261392198097,"TMT"
27.1,0.0721132060948536,0.231281110038211,"TMT"
27.05,0.0732830395706681,0.234288601840839,"TMT"
27,0.0744498976615253,0.237283763041151,"TMT"
26.95,0.0756137639029661,0.240266489074317,"TMT"
26.9,0.0767746218305315,0.243236675375504,"TMT"
26.85,0.0779324549797624,0.246194217379884,"TMT"
26.8,0.0790872468861995,0.249139010522625,"TMT"
26.75,0.0802389810853838,0.252070950238897,"TMT"
26.7,0.0813876411128562,0.254989931963868,"TMT"
26.65,0.0825332105041575,0.257895851132709,"TMT"
26.6,0.0836756727948288,0.260788603180588,"TMT"
26.55,0.0848150115204108,0.263668083542675,"TMT"
26.5,0.0859512102164444,0.266534187654139,"TMT"
26.45,0.0870842524184704,0.269386810950149,"TMT"
26.4,0.08821412166203,0.272225848865875,"TMT"
26.35,0.0893408014826638,0.275051196836486,"TMT"
26.3,0.0904642754159128,0.277862750297151,"TMT"
26.25,0.0915845269973179,0.28066040468304,"TMT"
26.2,0.0927015431179285,0.283444143936026,"TMT"
26.15,0.0938153380810183,0.286214124934331,"TMT"
26.1,0.0949259365404636,0.288970502517654,"TMT"
26.05,0.0960333631501411,0.291713431525689,"TMT"
26,0.0971376425639275,0.294443066798134,"TMT"
25.95,0.0982387994356992,0.297159563174685,"TMT"
25.9,0.099336858419333,0.299863075495037,"TMT"
25.85,0.100431844168705,0.302553758598889,"TMT"
25.8,0.101523781337693,0.305231767325935,"TMT"
25.75,0.102612694580172,0.307897256515872,"TMT"
25.7,0.10369860855002,0.310550381008397,"TMT"
25.65,0.104781547901113,0.313191295643206,"TMT"
25.6,0.105861537287328,0.315820155259995,"TMT"
25.55,0.10693860136254,0.318437114698461,"TMT"
25.5,0.108012764780628,0.3210423287983,"TMT"
25.45,0.109084052195466,0.323635952399209,"TMT"
25.4,0.110152488260933,0.326218140340883,"TMT"
25.35,0.111218097630905,0.328789047463019,"TMT"
25.3,0.112280904959257,0.331348828605314,"TMT"
25.25,0.113340934899868,0.333897638607464,"TMT"
25.2,0.114398212106613,0.336435632309165,"TMT"
25.15,0.115452761233369,0.338962964550113,"TMT"
25.1,0.116504606934012,0.341479790170006,"TMT"
25.05,0.11755377386242,0.343986264008539,"TMT"
25,0.118600286672469,0.346482540905409,"TMT"
24.95,0.119644170018034,0.348968775700311,"TMT"
24.9,0.120685448552994,0.351445123232944,"TMT"
24.85,0.121724146931225,0.353911738343002,"TMT"
24.8,0.122760289806603,0.356368775870182,"TMT"
24.75,0.123793901833004,0.358816390654181,"TMT"
24.7,0.124825007664306,0.361254737534694,"TMT"
24.65,0.125853631954385,0.363683971351419,"TMT"
24.6,0.126879799357118,0.366104246944052,"TMT"
24.55,0.12790353452638,0.368515719152288,"TMT"
24.5,0.12892486211605,0.370918542815825,"TMT"
24.45,0.129943806780003,0.373312872774358,"TMT"
24.4,0.130960393172116,0.375698863867585,"TMT"
24.35,0.131974645946266,0.378076670935201,"TMT"
24.3,0.132986589756328,0.380446448816904,"TMT"
24.25,0.133996249256181,0.382808352352388,"TMT"
24.2,0.1350036490997,0.38516253638135,"TMT"
24.15,0.136008813940762,0.387509155743488,"TMT"
24.1,0.137011768433243,0.389848365278497,"TMT"
24.05,0.138012537231021,0.392180319826074,"TMT"
24,0.139011144987972,0.394505174225914,"TMT"
23.95,0.140007616357972,0.396823083317715,"TMT"
23.9,0.141001975994898,0.399134201941173,"TMT"
23.85,0.141994248552626,0.401438684935984,"TMT"
23.8,0.142984458685034,0.403736687141844,"TMT"
23.75,0.143972631045998,0.406028363398451,"TMT"
23.7,0.144958790289394,0.408313868545499,"TMT"
23.65,0.145942961069098,0.410593357422686,"TMT"
23.6,0.146925168038989,0.412866984869708,"TMT"
23.55,0.147905435852942,0.415134905726261,"TMT"
23.5,0.148883789164833,0.417397274832042,"TMT"
23.45,0.14986025262854,0.419654247026747,"TMT"
23.4,0.150834850897939,0.421905977150072,"TMT"
23.35,0.151807608626907,0.424152620041715,"TMT"
23.3,0.15277855046932,0.42639433054137,"TMT"
23.25,0.153747701079054,0.428631263488735,"TMT"
23.2,0.154715085109987,0.430863573723505,"TMT"
23.15,0.155680727215995,0.433091416085378,"TMT"
23.1,0.156644652050954,0.43531494541405,"TMT"
23.05,0.157606884268742,0.437534316549216,"TMT"
23,0.158567448523235,0.439749684330574,"TMT"
22.95,0.159526369468308,0.441961203597819,"TMT"
22.9,0.16048367175784,0.444169029190649,"TMT"
22.85,0.161439380045707,0.446373315948759,"TMT"
22.8,0.162393518985784,0.448574218711845,"TMT"
22.75,0.16334611323195,0.450771892319605,"TMT"
22.7,0.16429718743808,0.452966491611734,"TMT"
22.65,0.165246766258051,0.45515817142793,"TMT"
22.6,0.166194874345739,0.457347086607887,"TMT"
22.55,0.167141536355022,0.459533391991303,"TMT"
22.5,0.168086776939775,0.461717242417874,"TMT"
22.45,0.169028550748276,0.463886330611432,"TMT"
22.4,0.169964859513091,0.466028623124661,"TMT"
22.35,0.170895798514533,0.468144685540537,"TMT"
22.3,0.171821463032914,0.470235083442036,"TMT"
22.25,0.172741948348546,0.472300382412133,"TMT"
22.2,0.173657349741742,0.474341148033806,"TMT"
22.15,0.174567762492813,0.476357945890029,"TMT"
22.1,0.175473281882073,0.478351341563778,"TMT"
22.05,0.176374003189833,0.48032190063803,"TMT"
22,0.177270021696406,0.482270188695759,"TMT"
21.95,0.178161432682103,0.484196771319943,"TMT"
21.9,0.179048331427238,0.486102214093556,"TMT"
21.85,0.179930813212123,0.487987082599576,"TMT"
21.8,0.180808973317069,0.489851942420977,"TMT"
21.75,0.181682907022389,0.491697359140735,"TMT"
21.7,0.182552709608396,0.493523898341826,"TMT"
21.65,0.183418476355401,0.495332125607227,"TMT"
21.6,0.184280302543717,0.497122606519913,"TMT"
21.55,0.185138283453657,0.498895906662859,"TMT"
21.5,0.185992514365532,0.500652591619043,"TMT"
21.45,0.186843090559654,0.502393226971438,"TMT"
21.4,0.187690107316337,0.504118378303023,"TMT"
21.35,0.188533659915892,0.505828611196772,"TMT"
21.3,0.189373843638631,0.50752449123566,"TMT"
21.25,0.190210753764868,0.509206584002665,"TMT"
21.2,0.191044485574914,0.510875455080762,"TMT"
21.15,0.191875134349081,0.512531670052927,"TMT"
21.1,0.192702795367682,0.514175794502135,"TMT"
21.05,0.193527563911028,0.515808394011363,"TMT"
21,0.194349535259434,0.517430034163586,"TMT"
20.95,0.195168804693209,0.51904128054178,"TMT"
20.9,0.195985467492668,0.520642698728922,"TMT"
20.85,0.196799618938122,0.522234854307987,"TMT"
20.8,0.197611354309883,0.52381831286195,"TMT"
20.75,0.198420768888264,0.525393639973788,"TMT"
20.7,0.199227957953577,0.526961401226476,"TMT"
20.65,0.200033016786134,0.528522162202991,"TMT"
20.6,0.200836040666247,0.530076488486308,"TMT"
20.55,0.20163712487423,0.531624945659403,"TMT"
20.5,0.202436364690393,0.533168099305253,"TMT"
20.45,0.20323385539505,0.534706515006832,"TMT"
20.4,0.204029692268513,0.536240758347116,"TMT"
20.35,0.204823970591094,0.537771394909083,"TMT"
20.3,0.205616785643104,0.539298990275707,"TMT"
20.25,0.206408232704858,0.540824110029964,"TMT"
20.2,0.207198407056666,0.54234731975483,"TMT"
20.15,0.207987403978841,0.543869185033281,"TMT"
20.1,0.208775318751696,0.545390271448294,"TMT"
20.05,0.209562246655542,0.546911144582842,"TMT"
20,0.210348282970692,0.548432370019904,"TMT"
19.95,0.211133522977458,0.549954513342454,"TMT"
19.9,0.211918061956153,0.551478140133468,"TMT"
19.85,0.212701995187089,0.553003815975923,"TMT"
19.8,0.213485417950577,0.554532106452793,"TMT"
19.75,0.214268425526931,0.556063577147056,"TMT"
19.7,0.215051113196463,0.557598793641686,"TMT"
19.65,0.215833576239484,0.55913832151966,"TMT"
19.6,0.216615909936308,0.560682726363954,"TMT"
19.55,0.217398209567246,0.562232573757543,"TMT"
19.5,0.218180570412611,0.563788429283403,"TMT"
19.45,0.218963087752714,0.56535085852451,"TMT"
19.4,0.219745856867869,0.56692042706384,"TMT"
19.35,0.220528973038388,0.568497700484369,"TMT"
19.3,0.221312531544583,0.570083244369073,"TMT"
19.25,0.222096627666765,0.571677624300927,"TMT"
19.2,0.222881356685248,0.573281405862907,"TMT"
19.15,0.223666813880344,0.57489515463799,"TMT"
19.1,0.224453094532365,0.576519436209151,"TMT"
19.05,0.225240293921623,0.578154816159366,"TMT"
19,0.22602850732843,0.579801860071611,"TMT"
18.95,0.2268178300331,0.581461133528862,"TMT"
18.9,0.227608357315943,0.583133202114093,"TMT"
18.85,0.228400184457273,0.584818631410283,"TMT"
18.8,0.229193406737402,0.586517987000406,"TMT"
18.75,0.229988119436641,0.588231834467438,"TMT"
18.7,0.230777060244562,0.58991277015829,"TMT"
18.65,0.231553136766251,0.591514565609941,"TMT"
18.6,0.232316699155298,0.593039549190468,"TMT"
18.55,0.233068097565292,0.594490049267951,"TMT"
18.5,0.233807682149822,0.595868394210467,"TMT"
18.45,0.234535803062477,0.597176912386093,"TMT"
18.4,0.235252810456846,0.598417932162909,"TMT"
18.35,0.235959054486517,0.599593781908992,"TMT"
18.3,0.236654885305081,0.60070678999242,"TMT"
18.25,0.237340653066126,0.601759284781271,"TMT"
18.2,0.238016707923241,0.602753594643623,"TMT"
18.15,0.238683400030015,0.603692047947554,"TMT"
18.1,0.239341079540037,0.604576973061143,"TMT"
18.05,0.239990096606896,0.605410698352467,"TMT"
18,0.240630801384181,0.606195552189605,"TMT"
17.95,0.241263544025482,0.606933862940633,"TMT"
17.9,0.241888674684386,0.607627958973631,"TMT"
17.85,0.242506543514484,0.608280168656677,"TMT"
17.8,0.243117500669364,0.608892820357848,"TMT"
17.75,0.243721896302616,0.609468242445223,"TMT"
17.7,0.244320080567828,0.610008763286879,"TMT"
17.65,0.244912403618589,0.610516711250895,"TMT"
17.6,0.245499215608488,0.610994414705348,"TMT"
17.55,0.246080866691115,0.611444202018317,"TMT"
17.5,0.246657707020058,0.61186840155788,"TMT"
17.45,0.247230086748906,0.612269341692115,"TMT"
17.4,0.247798356031249,0.612649350789099,"TMT"
17.35,0.248362865020675,0.613010757216912,"TMT"
17.3,0.248923963870774,0.61335588934363,"TMT"
17.25,0.249482002735135,0.613687075537332,"TMT"
17.2,0.250037331767345,0.614006644166096,"TMT"
17.15,0.250590301120996,0.614316923598,"TMT"
17.1,0.251141260949675,0.614620242201122,"TMT"
17.05,0.251690561406971,0.61491892834354,"TMT"
17,0.252238552646474,0.615215310393332,"TMT"
16.95,0.252785584821773,0.615511716718576,"TMT"
16.9,0.253332008086457,0.615810475687351,"TMT"
16.85,0.253878172594114,0.616113915667734,"TMT"
16.8,0.254424428498334,0.616424365027803,"TMT"
16.75,0.254971125952706,0.616744152135636,"TMT"
16.7,0.255518615110818,0.617075605359311,"TMT"
16.65,0.25606724612626,0.617421053066907,"TMT"
16.6,0.256617369152621,0.617782823626502,"TMT"
16.55,0.25716933434349,0.618163245406172,"TMT"
16.5,0.257723491852456,0.618564646773998,"TMT"
16.45,0.258280191833107,0.618989356098056,"TMT"
16.4,0.258839784439034,0.619439701746424,"TMT"
16.35,0.259402619823824,0.619918012087181,"TMT"
16.3,0.259969048141068,0.620426615488404,"TMT"
16.25,0.260539419544353,0.620967840318173,"TMT"
16.2,0.261114084187269,0.621544014944563,"TMT"
16.15,0.261693392223406,0.622157467735655,"TMT"
16.1,0.262277693806351,0.622810527059526,"TMT"
16.05,0.262867339089695,0.623505521284253,"TMT"
16,0.263462678227025,0.624244778777915,"TMT"
15.95,0.264064061371932,0.62503062790859,"TMT"
15.9,0.264671838678004,0.625865397044356,"TMT"
15.85,0.26528636029883,0.626751414553291,"TMT"
15.8,0.265907976387999,0.627691008803473,"TMT"
15.75,0.2665370370991,0.62868650816298,"TMT"
15.7,0.267173892585723,0.62974024099989,"TMT"
15.65,0.267818893001456,0.630854535682281,"TMT"
15.6,0.268472388499888,0.632031720578232,"TMT"
15.55,0.269134729234609,0.633274124055819,"TMT"
15.5,0.269806265359207,0.634584074483122,"TMT"
15.45,0.270487347027271,0.635963900228218,"TMT"
15.4,0.27117832439239,0.637415929659186,"TMT"
15.35,0.271879547608154,0.638942491144102,"TMT"
15.3,0.272591366828152,0.640545913051046,"TMT"
15.25,0.273314132205972,0.642228523748096,"TMT"
15.2,0.274048193895203,0.643992651603329,"TMT"
15.15,0.274793902049435,0.645840624984823,"TMT"
15.1,0.275551606822256,0.647774772260657,"TMT"
15.05,0.276321658367256,0.649797421798909,"TMT"
15,0.277104406838024,0.651910901967656,"TMT"
14.95,0.27788239755125,0.654043293984096,"TMT"
14.9,0.278638441756252,0.656122665831369,"TMT"
14.85,0.279373288505561,0.658151326026468,"TMT"
14.8,0.280087686851706,0.660131583086384,"TMT"
14.75,0.280782385847219,0.66206574552811,"TMT"
14.7,0.281458134544629,0.66395612186864,"TMT"
14.65,0.282115681996467,0.665805020624964,"TMT"
14.6,0.282755777255262,0.667614750314077,"TMT"
14.55,0.283379169373545,0.66938761945297,"TMT"
14.5,0.283986607403846,0.671125936558635,"TMT"
14.45,0.284578840398695,0.672832010148066,"TMT"
14.4,0.285156617410622,0.674508148738255,"TMT"
14.35,0.285720687492159,0.676156660846193,"TMT"
14.3,0.286271799695834,0.677779854988875,"TMT"
14.25,0.286810703074178,0.679380039683292,"TMT"
14.2,0.287338146679721,0.680959523446436,"TMT"
14.15,0.287854879564994,0.682520614795301,"TMT"
14.1,0.288361650782527,0.684065622246879,"TMT"
14.05,0.288859209384849,0.685596854318161,"TMT"
14,0.289348304424491,0.687116619526141,"TMT"
13.95,0.289829684953984,0.688627226387812,"TMT"
13.9,0.290304100025857,0.690130983420165,"TMT"
13.85,0.290772298692641,0.691630199140193,"TMT"
13.8,0.291235030006865,0.693127182064889,"TMT"
13.75,0.291693043021061,0.694624240711245,"TMT"
13.7,0.292147086787758,0.696123683596253,"TMT"
13.65,0.292597910359486,0.697627819236906,"TMT"
13.6,0.293046262788776,0.699138956150197,"TMT"
13.55,0.293492893128158,0.700659402853118,"TMT"
13.5,0.293938550430162,0.702191467862662,"TMT"
13.45,0.294383983747318,0.703737459695821,"TMT"
13.4,0.294829942132156,0.705299686869587,"TMT"
13.35,0.295277174637207,0.706880457900953,"TMT"
13.3,0.295726430315001,0.708482081306912,"TMT"
13.25,0.296178458218068,0.710106865604455,"TMT"
13.2,0.296634007398938,0.711757119310576,"TMT"
13.15,0.297093826910142,0.713435150942267,"TMT"
13.1,0.297558665804209,0.715143269016521,"TMT"
13.05,0.29802927313367,0.716883782050329,"TMT"
13,0.298506397951056,0.718658998560685,"TMT"
12.95,0.298990789308895,0.72047122706458,"TMT"
12.9,0.299483196259719,0.722322776079009,"TMT"
12.85,0.299984367856057,0.724215954120962,"TMT"
12.8,0.300495053150441,0.726153069707432,"TMT"
12.75,0.301016001195399,0.728136431355412,"TMT"
12.7,0.301547961043463,0.730168347581894,"TMT"
12.65,0.302091681747162,0.732251126903871,"TMT"
12.6,0.302647912359026,0.734387077838336,"TMT"
12.55,0.303217401931587,0.73657850890228,"TMT"
12.5,0.303800899517373,0.738827728612697,"TMT"
12.45,0.304399154168916,0.741137045486578,"TMT"
12.4,0.305012914938746,0.743508768040917,"TMT"
12.35,0.305642930879391,0.745945204792705,"TMT"
12.3,0.306289951043384,0.748448664258935,"TMT"
12.25,0.306954724483254,0.751021454956601,"TMT"
12.2,0.307638000251531,0.753665885402693,"TMT"
12.15,0.308340527400745,0.756384264114205,"TMT"
12.1,0.309063054983428,0.75917889960813,"TMT"
12.05,0.309806332052107,0.762052100401459,"TMT"
12,0.310571107659315,0.765006175011185,"TMT"
11.95,0.311358130857581,0.768043431954301,"TMT"
11.9,0.312168150699436,0.771166179747799,"TMT"
11.85,0.313001916237409,0.774376726908671,"TMT"
11.8,0.313860176524032,0.777677381953911,"TMT"
11.75,0.314743680611833,0.78107045340051,"TMT"
11.7,0.315653177553343,0.784558249765461,"TMT"
11.65,0.316589416401093,0.788143079565757,"TMT"
11.6,0.317553146207612,0.79182725131839,"TMT"
11.55,0.318545116025432,0.795613073540352,"TMT"
11.5,0.319566074907081,0.799502854748637,"TMT"
11.45,0.320616771905091,0.803498903460235,"TMT"
11.4,0.321697956071991,0.807603528192141,"TMT"
11.35,0.322810376460311,0.811819037461347,"TMT"
11.3,0.323954782122583,0.816147739784844,"TMT"
11.25,0.325131922111335,0.820591943679626,"TMT"
11.2,0.32632332047637,0.825103947097616,"TMT"
11.15,0.327510300997717,0.829634972211119,"TMT"
11.1,0.328693312323248,0.834185713867696,"TMT"
11.05,0.329872803100836,0.838756866914911,"TMT"
11,0.331049221978355,0.843349126200325,"TMT"
10.95,0.332223017603677,0.847963186571501,"TMT"
10.9,0.333394638624675,0.852599742876001,"TMT"
10.85,0.334564533689221,0.857259489961389,"TMT"
10.8,0.335733151445189,0.861943122675225,"TMT"
10.75,0.33690094054045,0.866651335865073,"TMT"
10.7,0.338068349622879,0.871384824378495,"TMT"
10.65,0.339235827340347,0.876144283063054,"TMT"
10.6,0.340403822340728,0.880930406766311,"TMT"
10.55,0.341572783271895,0.885743890335829,"TMT"
10.5,0.342743158781719,0.890585428619172,"TMT"
10.45,0.343915397518074,0.8954557164639,"TMT"
10.4,0.345089948128833,0.900355448717576,"TMT"
10.35,0.346267259261869,0.905285320227764,"TMT"
10.3,0.347447779565054,0.910246025842024,"TMT"
10.25,0.348631957686261,0.915238260407921,"TMT"
10.2,0.349820242273363,0.920262718773015,"TMT"
10.15,0.351013081974232,0.92532009578487,"TMT"
10.1,0.352210925436742,0.930411086291048,"TMT"
10.05,0.353414221308765,0.935536385139111,"TMT"
10,0.354623418238174,0.940696687176622,"TMT"
9.95,0.355838964872842,0.945892687251143,"TMT"
9.9,0.357061309860642,0.951125080210236,"TMT"
9.85,0.358290901849446,0.956394560901464,"TMT"
9.8,0.359528189487127,0.96170182417239,"TMT"
9.75,0.360773621421558,0.967047564870575,"TMT"
9.7,0.362027646300612,0.972432477843582,"TMT"
9.65,0.363290712772162,0.977857257938974,"TMT"
9.6,0.36456326948408,0.983322600004313,"TMT"
9.55,0.365845765084239,0.988829198887162,"TMT"
9.5,0.367138648220512,0.994377749435082,"TMT"
9.45,0.368442367540772,0.999968946495636,"TMT"
9.4,0.369757371692892,1.00560348491639,"TMT"
9.35,0.371084109324743,1.0112820595449,"TMT"
9.3,0.3724230290842,1.01700536522873,"TMT"
9.25,0.373774579619135,1.02277409681544,"TMT"
9.2,0.37513920957742,1.0285889491526,"TMT"
9.15,0.376517367606929,1.03445061708777,"TMT"
9.1,0.377909502355534,1.04035979546851,"TMT"
9.05,0.379316062471109,1.04631717914239,"TMT"
9,0.380737496601525,1.05232346295696,"TMT"
8.95,0.382174253394656,1.05837934175979,"TMT"
8.9,0.383626781498374,1.06448551039843,"TMT"
8.85,0.385095529560553,1.07064266372047,"TMT"
8.8,0.386580946229064,1.07685149657344,"TMT"
8.75,0.388083480151782,1.08311270380493,"TMT"
8.7,0.389603579976578,1.08942698026248,"TMT"
8.65,0.391141694351325,1.09579502079367,"TMT"
8.6,0.392698271923897,1.10221752024605,"TMT"
8.55,0.394273761342165,1.10869517346719,"TMT"
8.5,0.395868611254004,1.11522867530466,"TMT"
8.45,0.397483270307285,1.121818720606,"TMT"
8.4,0.399118187149881,1.12846600421879,"TMT"
8.35,0.400773810429666,1.13517122099058,"TMT"
8.3,0.402450588794511,1.14193506576894,"TMT"
8.25,0.40414897089229,1.14875823340144,"TMT"
8.2,0.405869405370876,1.15564141873563,"TMT"
8.15,0.407612340878141,1.16258531661908,"TMT"
8.1,0.409378226061958,1.16959062189934,"TMT"
8.05,0.4111675095702,1.17665802942399,"TMT"
8,0.41298064005074,1.18378823404058,"TMT"
7.95,0.414818066151451,1.19098193059668,"TMT"
7.9,0.416680236520204,1.19823981393985,"TMT"
7.85,0.418567599804874,1.20556257891764,"TMT"
7.8,0.420480604653332,1.21295092037764,"TMT"
7.75,0.422419699713453,1.22040553316738,"TMT"
7.7,0.424385333633107,1.22792711213445,"TMT"
7.65,0.426377955060169,1.23551635212639,"TMT"
7.6,0.428398012642511,1.24317394799078,"TMT"
7.55,0.430445955028006,1.25090059457518,"TMT"
7.5,0.432522230864526,1.25869698672714,"TMT"
7.45,0.434617945851486,1.26654869679983,"TMT"
7.4,0.436723960879896,1.27444094734452,"TMT"
7.35,0.438840357385021,1.28237390850594,"TMT"
7.3,0.440967216802127,1.2903477504288,"TMT"
7.25,0.44310462056648,1.29836264325785,"TMT"
7.2,0.445252650113346,1.3064187571378,"TMT"
7.15,0.447411386877991,1.31451626221338,"TMT"
7.1,0.449580912295681,1.32265532862933,"TMT"
7.05,0.451761307801681,1.33083612653036,"TMT"
7,0.453952654831257,1.33905882606121,"TMT"
6.95,0.456155034819676,1.3473235973666,"TMT"
6.9,0.458368529202203,1.35563061059125,"TMT"
6.85,0.460593219414103,1.3639800358799,"TMT"
6.8,0.462829186890644,1.37237204337728,"TMT"
6.75,0.465076513067091,1.3808068032281,"TMT"
6.7,0.467335279378709,1.3892844855771,"TMT"
6.65,0.469605567260764,1.397805260569,"TMT"
6.6,0.471887458148523,1.40636929834854,"TMT"
6.55,0.474181033477252,1.41497676906043,"TMT"
6.5,0.476486374682215,1.42362784284941,"TMT"
6.45,0.478803563198679,1.43232268986019,"TMT"
6.4,0.48113268046191,1.44106148023752,"TMT"
6.35,0.483473807907174,1.44984438412611,"TMT"
6.3,0.485827026969737,1.4586715716707,"TMT"
6.25,0.488192419084863,1.46754321301601,"TMT"
6.2,0.490570065687821,1.47645947830676,"TMT"
6.15,0.492960048213874,1.48542053768769,"TMT"
6.1,0.495362448098289,1.49442656130351,"TMT"
6.05,0.497777346776333,1.50347771929897,"TMT"
6,0.50020482568327,1.51257418181878,"TMT"
5.95,0.502644966254367,1.52171611900767,"TMT"
5.9,0.505097849924889,1.53090370101037,"TMT"
5.85,0.507563558130103,1.54013709797161,"TMT"
5.8,0.510042172305274,1.54941648003611,"TMT"
5.75,0.512533773885669,1.55874201734861,"TMT"
5.7,0.515038444306552,1.56811388005381,"TMT"
5.65,0.517556265003191,1.57753223829647,"TMT"
5.6,0.52008731741085,1.58699726222129,"TMT"
5.55,0.522631682964795,1.59650912197302,"TMT"
5.5,0.525189443100294,1.60606798769637,"TMT"
5.45,0.52776067925261,1.61567402953607,"TMT"
5.4,0.530345472857011,1.62532741763685,"TMT"
5.35,0.532943905348762,1.63502832214344,"TMT"
5.3,0.535556058163129,1.64477691320056,"TMT"
5.25,0.538182012735378,1.65457336095294,"TMT"
5.2,0.540821850500774,1.66441783554531,"TMT"
5.15,0.543475652894585,1.67431050712239,"TMT"
5.1,0.546143501352074,1.68425154582892,"TMT"
5.05,0.548825477308509,1.69424112180962,"TMT"
5,0.551521662199156,1.70427940520921,"TMT"
4.95,0.554232137459279,1.71436656617242,"TMT"
4.9,0.556956984524145,1.72450277484399,"TMT"
4.85,0.55969628482902,1.73468820136863,"TMT"
4.8,0.56245011980917,1.74492301589107,"TMT"
4.75,0.565218570899861,1.75520738855605,"TMT"
4.7,0.568001719536358,1.76554148950829,"TMT"
4.65,0.570799647153927,1.77592548889251,"TMT"
4.6,0.573612435187834,1.78635955685344,"TMT"
4.55,0.576440165073346,1.79684386353581,"TMT"
4.5,0.579282918245727,1.80737857908435,"TMT"
4.45,0.582140776140244,1.81796387364378,"TMT"
4.4,0.585013820192163,1.82859991735883,"TMT"
4.35,0.587902131836749,1.83928688037423,"TMT"
4.3,0.590805792509269,1.8500249328347,"TMT"
4.25,0.593724883644988,1.86081424488498,"TMT"
4.2,0.596659486679172,1.87165498666978,"TMT"
4.15,0.599609683047088,1.88254732833384,"TMT"
4.1,0.602575554184,1.89349144002188,"TMT"
4.05,0.605557181525175,1.90448749187863,"TMT"
4,0.608554646505878,1.91553565404882,"TMT"
3.95,0.611568030561376,1.92663609667717,"TMT"
3.9,0.614597415126935,1.93778898990842,"TMT"
3.85,0.617642881637819,1.94899450388728,"TMT"
3.8,0.620704511529296,1.96025280875848,"TMT"
3.75,0.623782386236631,1.97156407466676,"TMT"
3.7,0.626876898686658,1.98292857597939,"TMT"
3.65,0.629988343564064,1.99434639391971,"TMT"
3.6,0.63311665494089,2.00581740891653,"TMT"
3.55,0.636261766889178,2.01734150139869,"TMT"
3.5,0.63942361348097,2.02891855179501,"TMT"
3.45,0.642602128788309,2.0405484405343,"TMT"
3.4,0.645797246883236,2.05223104804539,"TMT"
3.35,0.649008901837795,2.06396625475709,"TMT"
3.3,0.652237027724025,2.07575394109824,"TMT"
3.25,0.655481558613971,2.08759398749765,"TMT"
3.2,0.658742428579674,2.09948627438414,"TMT"
3.15,0.662019571693175,2.11143068218654,"TMT"
3.1,0.665312922026518,2.12342709133366,"TMT"
3.05,0.668622413651744,2.13547538225433,"TMT"
3,0.671947980640895,2.14757543537737,"TMT"
2.95,0.675289557066013,2.1597271311316,"TMT"
2.9,0.678647076999141,2.17193034994584,"TMT"
2.85,0.682020474512321,2.18418497224892,"TMT"
2.8,0.685409683677594,2.19649087846965,"TMT"
2.75,0.688814638567003,2.20884794903686,"TMT"
2.7,0.692235273252589,2.22125606437937,"TMT"
2.65,0.695671521806396,2.23371510492599,"TMT"
2.6,0.699123318300464,2.24622495110556,"TMT"
2.55,0.702590596806837,2.25878548334689,"TMT"
2.5,0.706073291397556,2.27139658207881,"TMT"
2.45,0.709571336144663,2.28405812773013,"TMT"
2.4,0.7130846651202,2.29677000072968,"TMT"
2.35,0.716613212396209,2.30953208150628,"TMT"
2.3,0.720156912044734,2.32234425048875,"TMT"
2.25,0.723715698137815,2.33520638810591,"TMT"
2.2,0.727289504747494,2.34811837478658,"TMT"
2.15,0.730878265945814,2.36108009095959,"TMT"
2.1,0.734481915804818,2.37409141705376,"TMT"
2.05,0.738100388396546,2.3871522334979,"TMT"
2,0.741733617793041,2.40026242072084,"TMT"
1.95,0.745381538066345,2.41342185915141,"TMT"
1.9,0.7490440832885,2.42663042921841,"TMT"
1.85,0.752721187531549,2.43988801135068,"TMT"
1.8,0.756412784867534,2.45319448597704,"TMT"
1.75,0.760118809368495,2.4665497335263,"TMT"
1.7,0.763839195106476,2.4799536344273,"TMT"
1.65,0.767573876153519,2.49340606910884,"TMT"
1.6,0.771322786581666,2.50690691799975,"TMT"
1.55,0.775085860462959,2.52045606152886,"TMT"
1.5,0.778863031869439,2.53405338012498,"TMT"
1.45,0.782654234873149,2.54769875421694,"TMT"
1.4,0.786459403546132,2.56139206423355,"TMT"
1.35,0.790278471960429,2.57513319060365,"TMT"
1.3,0.794111374188082,2.58892201375604,"TMT"
1.25,0.797958044301133,2.60275841411956,"TMT"
1.2,0.801818416371625,2.61664227212302,"TMT"
1.15,0.805692424471599,2.63057346819525,"TMT"
1.1,0.809580002673099,2.64455188276506,"TMT"
1.05,0.813481085048164,2.65857739626128,"TMT"
1,0.817395605668839,2.67264988911273,"TMT"
0.95,0.821323498607164,2.68676924174824,"TMT"
0.9,0.825264697935183,2.70093533459661,"TMT"
0.85,0.829219137724937,2.71514804808668,"TMT"
0.8,0.833186752048467,2.72940726264727,"TMT"
0.75,0.837167474977817,2.74371285870719,"TMT"
0.7,0.841161240585029,2.75806471669527,"TMT"
0.65,0.845167982942143,2.77246271704033,"TMT"
0.6,0.849187636121204,2.7869067401712,"TMT"
0.55,0.853220134194252,2.80139666651668,"TMT"
0.5,0.857265411233329,2.81593237650561,"TMT"
0.45,0.861323401310479,2.83051375056681,"TMT"
0.4,0.865394038497742,2.8451406691291,"TMT"
0.35,0.869477256867161,2.85981301262129,"TMT"
0.3,0.873572990490779,2.87453066147222,"TMT"
0.25,0.877681173440636,2.8892934961107,"TMT"
0.2,0.881801739788776,2.90410139696555,"TMT"
0.15,0.88593462360724,2.9189542444656,"TMT"
0.1,0.89007975896807,2.93385191903967,"TMT"
0.05,0.894237079943309,2.94879430111657,"TMT"
0,0.898406520604999,2.96378127112513,"TMT"
